PlayerID,MLBAMID,Player,Age,B,Pos,Tm,AB,R,H,2B,3B,HR,RBI,BB,K,SB,CS,AVG,OBP,SLG,OPS,R$,5x5,12$,15$,BB%,Ct%,Eye,PX,xPX,HCTX,SPD,rSPD,G%,L%,F%,XBA,BA,RCG,RAR,BPV,PAvsRH,PAvsLH,AVGvsRH,AVGvsLH,OBPvsRH,OBPvsLH,SLGvsRH,SLGvsLH,OPSvsRH,OPSvsLH
4701,542436,"Adames, Cristhian ",25,B,6,COL,13,1,0,0,0,0,0,1,6,0,0,0,71,0,71,-5,-7,0,0,7,54,0.17,0,81,31,113,0,14,14,71,0,20,0,-2.6,-133,8,6,0,0,125,0,0,0,125,0
4741,572669,"Adams, Lane ",27,R,o78,ATL,109,19,30,4,1,5,20,10,37,10,0,275,339,468,807,5,3,-10,-5,8,66,0.27,121,104,105,126,168,44,22,34,238,20,6.1,3.3,17,87,35,321,143,356,294,580,143,937,437
4003,571431,"Adams, Matt ",28,L,3o7,ATL,339,46,93,22,1,20,65,23,88,0,0,274,319,522,841,10,9,2,5,6,74,0.26,146,123,112,72,0,39,18,43,266,30,5.9,2.3,49,304,63,295,180,342,206,554,377,896,583
4631,542583,"Aguilar, Jesus ",27,R,3,MIL,279,40,74,15,2,16,52,25,94,0,0,265,331,505,837,7,6,-3,0,8,66,0.27,154,165,121,79,0,41,21,38,252,25,5.7,-1.5,30,196,115,244,301,311,365,494,524,806,889
4674,605113,"Ahmed, Nick ",27,R,6,ARI,167,24,42,8,1,6,21,10,39,3,4,251,298,419,717,1,-0,-12,-8,6,77,0.26,96,91,99,123,76,48,20,32,261,40,3.8,-3.3,34,125,53,193,396,232,453,336,625,568,1078
5173,645277,"Albies, Ozhaino ",20,B,4,ATL,217,34,62,9,5,6,28,21,36,8,1,286,354,456,810,7,5,-6,-2,9,83,0.58,85,113,112,165,170,41,19,40,259,40,5.8,4.9,70,184,60,273,327,337,407,436,519,773,926
4523,570489,"Alcantara, Arismendy ",25,B,o4,CIN,105,13,18,3,1,1,7,2,38,2,0,171,187,248,435,-6,-7,-20,-15,2,64,0.05,54,23,49,128,145,59,12,29,192,30,1.5,-11.3,-56,70,38,224,79,246,79,328,105,575,184
4985,595751,"Alfaro, Jorge ",24,R,2,PHI,107,12,34,6,0,5,14,3,33,0,0,318,360,514,874,2,-1,-14,-9,3,69,0.09,126,68,68,99,0,53,16,31,233,15,6.5,6.9,14,77,37,375,200,416,243,639,257,1054,500
4801,546991,"Almora, Albert ",23,R,o8,CHC,299,39,89,18,1,8,46,19,53,1,0,298,338,445,782,8,7,-3,1,6,82,0.36,85,69,98,110,112,49,21,30,273,35,5.5,3.7,44,198,125,271,342,291,411,420,486,711,898
4653,571437,"Altherr, Aaron ",26,R,o798,PHI,372,58,101,24,5,19,65,32,104,5,4,272,340,516,856,12,12,4,7,8,72,0.31,147,115,106,109,72,43,19,38,269,30,5.8,6.2,56,289,123,285,239,346,325,521,505,867,830
3785,506560,"Amarista, Alexi ",28,L,4o6,COL,168,22,40,10,0,3,19,7,38,1,0,238,269,351,620,-2,-3,-15,-11,4,77,0.18,74,70,79,86,88,46,24,30,255,40,3.2,-9.1,4,157,19,232,294,256,368,351,353,607,721
5663,605119,"Anderson, Brian ",24,R,5,MIA,84,11,22,7,1,0,8,10,28,0,0,262,337,369,706,-3,-5,-18,-13,11,67,0.36,90,83,80,125,0,49,28,23,244,25,4.3,-2,0,65,30,273,241,369,267,418,276,787,543
4035,493114,"Aoki, Norichika ",35,L,o79,NYM,336,48,93,20,2,5,35,29,44,10,2,277,335,393,728,8,8,-3,1,8,87,0.66,66,43,83,108,103,57,17,25,282,60,4.7,-6.1,50,307,67,288,218,340,313,416,273,756,586
5088,606115,"Arcia, Orlando ",22,R,6,MIL,506,56,140,17,2,15,53,36,100,14,7,277,324,407,731,16,15,6,9,7,80,0.36,70,78,98,137,112,52,20,29,259,40,4.6,0.5,33,419,129,285,248,326,318,437,308,763,626
4027,571448,"Arenado, Nolan ",26,R,5,COL,606,100,187,43,7,37,130,62,106,3,2,309,373,586,959,32,32,31,32,9,83,0.58,145,149,123,117,74,34,21,45,297,45,8,44.2,102,514,165,272,420,341,473,502,840,843,1313
5421,624414,"Arroyo, Christian ",22,R,56,SF,125,9,24,5,0,3,14,8,32,1,2,192,244,304,548,-4,-4,-20,-14,6,74,0.25,70,61,83,81,37,61,18,21,237,45,2.2,-10.8,-7,83,52,162,235,241,250,297,314,538,564
5205,641319,"Asuaje, Carlos ",25,L,4,SD,307,28,83,14,1,4,21,28,76,0,1,270,334,362,696,1,-0,-12,-8,8,75,0.37,60,108,87,118,1,40,24,36,231,30,4.1,-7.7,3,261,82,283,230,349,287,386,284,735,571
3317,488671,"Avila, Alex ",30,L,23,CHC,308,40,81,13,1,13,48,62,119,0,1,263,387,438,825,5,5,-5,-1,17,61,0.52,123,168,121,78,1,38,28,34,230,25,5.8,15.5,2,329,44,269,216,398,302,469,216,867,519
2936,449107,"Aviles, Mike ",36,R,o96,FAN,86,5,20,2,0,1,8,6,15,0,0,233,298,291,589,-4,-6,-20,-14,6,83,0.4,33,13,32,74,0,48,21,31,221,45,2.7,-4.7,-6,62,35,218,258,295,303,309,258,604,561
2277,430947,"Aybar, Erick ",33,B,6,SD,333,37,78,15,1,7,22,28,57,11,4,234,300,348,648,2,2,-10,-5,8,83,0.49,65,64,73,93,85,52,20,29,264,55,3.4,-11.9,29,267,103,230,244,297,307,342,367,639,674
5393,664056,"Bader, Harrison ",23,R,o8,STL,85,10,20,3,0,3,10,5,24,2,1,235,283,376,659,-2,-4,-17,-12,5,72,0.21,85,109,98,108,89,44,16,39,219,30,3.4,-4.2,0,72,20,185,400,250,400,246,800,496,1200
4521,595879,"Baez, Javier ",24,R,465,CHC,469,75,128,24,2,23,75,30,144,10,3,273,317,480,796,18,18,12,14,6,69,0.21,129,104,91,118,105,49,15,36,247,25,5.3,3.9,30,375,133,258,315,304,353,443,581,747,934
4840,542908,"Bandy, Jett ",27,R,2,MIL,169,14,35,6,0,6,18,15,51,1,0,207,287,349,636,-3,-3,-18,-13,8,70,0.29,88,92,91,68,70,39,25,36,235,35,3.1,-5.5,-11,157,31,190,296,268,387,303,593,570,980
4831,605131,"Barnes, Austin ",27,R,24,LA,218,35,63,15,2,8,38,39,43,4,1,289,408,486,895,7,6,-5,-1,15,80,0.91,112,94,100,113,98,45,26,29,295,60,7,17.7,76,133,129,321,257,444,372,459,514,902,886
4549,571466,"Barnhart, Tucker ",26,B,2,CIN,370,26,100,24,2,7,44,42,68,4,0,270,347,403,750,6,4,-7,-3,10,82,0.62,80,90,110,81,84,46,26,28,281,55,4.9,9.1,37,341,82,279,236,353,321,416,347,769,668
5542,622441,"Bautista, Rafael ",24,R,o9,WAS,25,2,4,0,0,0,0,2,5,0,0,160,222,160,382,-5,-7,-22,-16,7,80,0.4,0,36,49,109,0,40,20,40,186,55,1.1,-3.2,-29,19,8,118,250,211,250,118,250,328,500
5084,605137,"Bell, Josh E",24,B,3,PIT,549,75,140,26,6,26,90,66,117,2,4,255,334,466,800,13,14,9,11,11,79,0.56,113,95,104,100,37,51,18,31,275,50,5.2,-11.2,58,479,141,259,242,342,305,470,453,813,758
5461,641355,"Bellinger, Cody ",21,L,3o7,LA,480,87,128,26,4,39,97,64,146,10,3,267,352,581,933,23,24,20,22,12,70,0.44,186,178,121,125,109,35,18,47,271,40,7.1,16.6,90,375,173,265,271,360,335,588,568,948,903
3643,474832,"Belt, Brandon ",29,L,3o7,SF,382,63,92,27,3,18,51,66,104,3,2,241,355,469,823,5,7,-2,2,15,73,0.63,140,154,113,86,55,30,23,47,258,50,5.5,-4.7,60,304,147,250,223,375,313,504,400,879,713
4058,450641,"Berry, Quintin ",32,L,o,MIL,3,0,0,0,0,0,0,0,2,2,1,0,0,0,0,0,0,0,0,0,33,0,0,-26,0,97,65,0,0,0,0,20,-2.3,-1.1,-234,2,1,0,0,0,0,0,0,0,0
3740,453568,"Blackmon, Charlie ",31,L,8o,COL,644,137,213,35,14,37,104,65,135,14,10,331,399,601,1000,41,43,42,42,9,79,0.48,141,141,125,165,117,41,22,37,294,35,8.6,61.7,98,491,233,329,335,402,395,622,561,1023,956
908,433217,"Blanco, Andres ",33,B,543,PHI,130,10,25,4,0,3,13,12,34,1,0,192,257,292,549,-5,-6,-20,-14,8,74,0.35,61,64,73,70,72,51,15,34,208,40,2.4,-11.7,-15,102,42,191,195,275,214,281,317,555,531
2871,453923,"Blanco, Gregor ",33,L,o789,ARI,224,43,55,10,3,3,13,31,59,15,1,246,337,357,694,5,4,-8,-3,12,74,0.53,70,90,84,154,180,43,22,35,230,35,4.4,-5.6,23,193,63,256,217,368,242,384,283,752,525
4810,518466,"Blash, Jabari ",27,R,o97,SD,164,24,35,6,0,5,16,28,66,1,2,213,333,341,675,-3,-4,-16,-11,14,60,0.42,95,168,103,88,34,37,22,40,195,25,3.5,-9.4,-27,116,79,158,290,302,380,242,478,544,858
2761,466988,"Bonifacio, Emilio ",32,B,o,ARI,38,2,5,1,1,0,3,1,9,0,0,132,150,211,361,-6,-8,-22,-16,2,76,0.11,44,36,82,104,0,36,25,39,220,50,1,-5.5,-21,36,8,167,0,188,0,267,0,454,0
5093,607471,"Bostick, Christopher ",24,R,7o,PIT,27,6,8,2,0,0,1,4,9,0,1,296,406,370,777,-2,-3,-20,-14,13,67,0.44,70,154,75,114,11,50,17,33,203,20,4.5,0,-15,22,10,316,250,409,400,421,250,830,650
4644,571506,"Bour, Justin ",29,L,3,MIA,377,52,109,18,0,25,83,47,95,1,0,289,366,536,902,17,15,9,11,11,75,0.49,138,127,118,40,41,43,23,34,280,40,7.1,15.2,46,331,98,300,253,378,327,552,483,929,809
2542,460075,"Braun, Ryan J",33,R,7o,MIL,380,58,102,28,2,17,52,38,76,12,4,268,336,487,823,14,13,4,8,9,80,0.5,124,122,126,95,87,49,19,32,291,55,5.6,4.2,67,318,107,270,264,330,355,478,516,808,872
5054,621446,"Brinson, Lewis ",23,R,o,MIL,47,2,5,0,1,2,3,7,17,1,0,106,236,277,513,-5,-8,-22,-16,13,64,0.41,95,99,86,137,152,57,17,27,217,45,1.8,-5.4,0,37,18,63,200,189,333,125,600,314,933
5051,542979,"Broxton, Keon ",27,R,8o,MIL,414,66,91,15,4,20,49,40,175,21,7,220,299,420,719,11,12,3,6,9,58,0.23,143,131,82,149,157,45,20,35,218,25,3.9,-14.7,9,345,118,218,225,288,331,413,441,701,772
4522,592178,"Bryant, Kris ",25,R,5o7,CHC,549,111,162,38,4,29,73,95,128,7,5,295,409,537,946,23,25,21,23,14,77,0.74,139,111,102,123,80,38,20,42,274,45,7.6,35.3,85,508,157,294,298,400,439,544,516,943,956
2717,452678,"Cabrera, Asdrubal ",31,B,654,NYM,479,66,134,32,0,14,59,50,83,3,2,280,351,434,785,11,12,4,7,9,83,0.6,90,115,123,81,51,43,20,36,267,50,5.3,3.8,47,404,136,240,392,323,434,407,512,729,946
4903,593525,"Calixte, Orlando ",25,R,o,SF,49,5,7,1,0,0,6,3,16,1,0,143,185,163,348,-5,-7,-21,-16,5,67,0.19,19,18,53,96,106,41,21,38,174,40,1,-7.1,-73,41,14,139,154,200,143,139,231,339,374
5534,622666,"Camargo, Johan ",23,B,56,ATL,241,30,72,21,2,4,27,12,51,0,0,299,331,452,783,4,3,-9,-5,5,79,0.24,100,64,91,106,0,48,21,31,272,30,5.5,1,39,180,76,254,403,287,434,349,694,636,1129
5508,605170,"Caratini, Victor ",23,B,2,CHC,59,6,15,3,0,1,2,4,13,0,0,254,333,356,689,-3,-6,-20,-14,6,78,0.31,65,61,96,93,0,65,15,20,231,30,3.7,-0.6,6,51,15,191,500,255,600,298,583,553,1183
5364,506924,"Cardullo, Stephen ",29,R,3,COL,28,2,4,0,0,0,3,3,7,0,0,143,250,143,393,-5,-7,-21,-16,9,75,0.43,0,128,72,103,0,38,24,38,188,55,1,-4.6,-47,9,23,0,190,222,261,0,190,222,451
3792,572761,"Carpenter, Matt ",31,L,354,STL,497,91,120,31,2,23,69,109,125,2,1,241,384,451,835,7,11,5,7,18,75,0.87,124,169,128,97,66,27,22,51,250,50,5.7,6,65,485,137,253,202,395,343,487,321,883,664
5233,608325,"Cecchini, Gavin ",23,R,4,NYM,77,4,16,2,0,1,7,4,19,0,1,208,256,273,529,-4,-7,-21,-15,5,75,0.21,41,26,47,86,5,45,21,34,209,40,2,-7.2,-27,53,29,173,280,189,379,192,440,381,819
3101,465041,"Cervelli, Francisco ",31,R,2,PIT,265,31,66,13,2,5,31,32,65,0,2,249,342,370,712,-0,-1,-12,-8,11,75,0.49,75,101,100,105,3,52,21,27,246,45,4,-0.2,16,236,68,252,237,343,338,379,339,722,677
4041,493316,"Cespedes, Yoenis ",31,R,o78,NYM,291,46,85,17,2,17,42,26,61,0,1,292,352,540,892,9,8,-1,3,8,79,0.43,134,159,135,93,1,34,16,50,264,40,6.7,11.8,69,233,88,305,256,361,330,526,577,886,906
3237,458085,"Coghlan, Chris ",32,L,o745,FAA,75,7,15,2,0,1,5,9,22,0,0,200,299,267,566,-5,-7,-21,-15,10,71,0.41,45,84,73,83,0,42,23,35,206,40,2.4,-6.8,-33,81,7,211,0,287,429,282,0,569,429
4970,543038,"Coleman, Dusty ",30,R,6,SD,66,6,15,3,0,4,9,2,33,1,0,227,268,455,722,-2,-5,-18,-13,3,50,0.06,191,208,101,80,88,30,30,39,214,20,3.8,-1.3,-15,58,13,264,77,310,77,547,77,858,154
4246,518568,"Colon, Christian ",28,R,45,MIA,50,4,8,1,0,0,0,5,10,0,0,160,236,180,416,-6,-8,-22,-17,9,80,0.5,16,19,31,105,0,62,8,31,167,50,1.3,-6,-15,31,26,148,174,207,269,185,174,392,443
4982,624424,"Conforto, Michael ",24,L,o789,NYM,373,72,104,20,1,27,68,57,113,2,0,279,384,555,939,14,15,9,11,13,70,0.5,166,141,117,86,87,38,24,38,276,35,7.4,24.5,65,331,109,303,212,417,284,595,444,1012,729
5162,575929,"Contreras, Willson ",25,R,27o,CHC,377,50,104,21,0,21,74,45,98,5,4,276,356,499,855,15,13,6,9,11,74,0.46,131,101,106,78,50,53,17,29,268,40,6,21.4,47,295,133,274,279,339,394,489,523,828,916
5565,614173,"Cordero, Franchy ",22,L,o8,SD,92,15,21,3,3,3,9,6,44,1,1,228,276,424,699,-3,-4,-17,-12,6,52,0.14,148,125,82,187,114,48,19,33,200,15,3.7,-4.3,-2,82,17,237,188,284,235,434,375,718,610
5499,642707,"Cordoba, Allen Octavio ",21,R,o76,SD,202,17,42,2,2,4,15,18,54,2,2,208,282,297,579,-4,-5,-18,-13,8,73,0.33,47,53,69,155,89,53,14,32,206,30,2.5,-17.8,-4,182,45,237,95,319,133,331,167,650,300
3755,446359,"Cozart, Zack ",31,R,6,CIN,438,80,130,24,7,24,63,62,78,3,0,297,385,548,933,18,18,12,14,12,82,0.79,128,102,102,135,138,38,20,42,285,50,7.7,34.1,98,392,115,285,337,372,426,524,633,896,1059
3674,543063,"Crawford, Brandon ",30,L,6,SF,518,58,131,34,1,14,77,42,113,3,5,253,305,403,709,8,9,1,4,7,78,0.37,93,102,103,66,29,46,19,34,255,40,4.1,-6.2,24,414,156,258,239,309,295,418,366,727,661
5041,641487,"Crawford, J.P. ",22,L,5,PHI,70,8,15,4,1,0,6,16,22,1,0,214,356,300,656,-3,-4,-20,-14,18,69,0.73,66,20,40,135,140,31,27,43,207,40,3.6,-2.1,6,59,28,277,87,407,250,383,130,790,380
4100,518586,"Culberson, Charlie ",28,R,6,LA,13,0,2,1,0,0,1,2,4,0,0,154,267,231,497,-4,-7,0,0,13,69,0.5,70,-26,62,86,0,56,11,33,133,30,1.9,-1.3,-12,8,7,167,143,375,143,167,286,542,429
3839,488818,"D Arnaud, Chase ",30,R,6,SD,58,12,11,2,0,1,3,4,20,5,1,190,242,276,518,-2,-4,-18,-13,6,66,0.2,62,41,35,106,141,54,14,32,199,30,2.2,-4.2,-41,35,27,242,120,286,185,394,120,680,305
3967,518595,"D Arnaud, Travis ",28,R,2,NYM,348,39,85,19,1,16,57,23,59,0,0,244,293,443,735,4,4,-5,-2,6,83,0.39,105,114,109,74,0,42,17,41,263,45,4.3,3,53,279,97,225,302,265,371,416,523,681,894
5721,543089,"Davis, Taylor ",27,R,5,CHC,13,1,3,1,0,0,1,0,4,0,0,231,231,308,538,-4,-6,0,0,0,69,0,70,-26,0,93,0,67,11,22,201,20,2.4,-0.6,-36,11,2,273,0,273,0,364,0,636,0
2558,457477,"De Aza, Alejandro ",33,L,o879,WAS,62,8,12,2,3,0,9,3,16,1,0,194,224,323,546,-4,-6,-20,-14,4,74,0.19,69,99,100,153,168,41,24,35,234,45,2.4,-5.5,8,55,15,204,154,245,143,327,308,572,451
5566,657557,"DeJong, Paul ",23,R,64,STL,417,55,119,26,1,25,65,21,124,1,0,285,325,532,857,14,13,6,9,5,70,0.17,152,133,104,91,92,34,23,43,264,25,6.1,18.3,41,355,88,285,287,318,352,516,600,835,952
3622,518614,"Descalso, Daniel W",30,L,4o7635,ARI,344,47,80,16,5,10,51,48,89,4,0,233,332,395,727,3,3,-6,-3,12,74,0.54,95,153,111,112,117,39,18,43,231,40,4.4,-1.6,32,308,90,251,169,344,289,423,299,767,588
3122,435622,"Desmond, Ian ",31,R,o873,COL,339,47,93,11,1,7,40,24,87,15,4,274,326,375,701,12,10,-0,4,6,74,0.28,61,60,82,112,110,63,16,21,244,25,4.3,-9.4,-4,271,102,283,250,335,304,381,359,715,663
5124,649557,"Diaz, Aledmys ",26,R,6,STL,286,31,74,17,0,7,20,13,42,4,1,259,290,392,682,3,3,-11,-6,4,85,0.31,76,69,81,115,101,46,17,38,256,45,3.9,-5.7,47,239,62,264,236,285,311,416,291,700,602
4837,553869,"Diaz, Elias ",26,R,2,PIT,188,18,42,14,0,1,19,11,38,1,0,223,265,314,579,-4,-5,-18,-13,5,80,0.29,66,70,83,70,72,52,18,30,244,45,2.8,-7.3,6,153,47,211,261,261,277,296,370,557,646
5707,607297,"Dickson, O Koyea ",27,R,7o,LA,7,0,1,0,0,0,0,2,2,0,0,143,333,143,476,0,0,0,0,22,71,1,0,273,116,82,0,0,20,80,168,60,1.4,-0.8,-42,3,6,0,200,333,333,0,200,333,533
4269,518618,"Dietrich, Derek ",27,L,543,MIA,406,56,101,22,5,13,53,36,98,0,1,249,334,424,758,3,5,-4,-1,8,76,0.37,102,106,98,115,1,37,23,41,252,40,4.4,-14.7,37,377,87,236,307,318,402,426,413,744,816
4929,594694,"Difo, Wilmer ",25,R,64,WAS,332,47,90,10,4,5,21,24,74,10,1,271,319,370,690,6,6,-5,-1,7,78,0.32,56,54,72,162,166,51,24,25,257,35,4.3,-6.9,19,275,90,258,310,310,348,327,500,637,848
2362,452220,"Drew, Stephen ",34,L,465,WAS,95,9,24,7,0,1,17,8,21,0,0,253,302,358,660,-2,-4,-17,-12,8,78,0.38,75,87,98,68,0,34,21,45,230,30,3.8,-2.1,9,100,6,244,400,290,500,356,400,646,900
4867,592273,"Drury, Brandon ",24,R,4o795,ARI,445,41,119,37,2,13,63,28,103,1,1,267,317,447,764,9,8,-2,2,6,77,0.27,114,87,99,88,46,49,22,29,275,40,4.8,-0.6,39,341,139,266,271,323,302,452,436,775,738
4671,594807,"Duvall, Adam ",28,R,o7,CIN,587,78,146,37,3,31,99,39,170,5,3,249,301,480,782,15,16,12,14,6,71,0.23,143,116,91,87,60,33,18,49,247,30,4.8,-8.7,39,488,159,239,279,285,352,452,571,737,924
4151,594809,"Eaton, Adam ",28,L,o98,WAS,91,24,27,7,1,2,13,14,18,3,1,297,393,462,854,1,-0,-13,-8,13,80,0.78,99,87,101,143,126,53,15,32,273,45,6.5,3.2,71,94,13,313,182,415,231,475,364,890,594
5229,518649,"Eibner, Brett ",28,R,o9,FAN,33,3,6,0,0,2,6,2,17,0,0,182,250,364,614,-3,-4,-20,-15,6,48,0.12,138,145,86,94,0,50,25,25,184,25,2.6,-2.9,-53,19,17,176,188,263,235,176,563,440,798
3082,454560,"Ellis, A.J. ",36,R,2,MIA,143,17,30,5,0,6,14,12,29,0,0,210,298,371,669,-4,-5,-17,-12,7,80,0.41,86,89,95,80,0,50,14,37,232,50,3.2,-3.5,28,119,44,231,154,316,250,404,282,720,532
5217,640447,"Ervin, Phillip ",24,R,o,CIN,58,8,15,2,0,3,10,4,15,4,1,259,317,448,766,0,-3,-16,-11,6,74,0.27,106,107,68,98,114,33,19,49,232,25,4.7,-0.4,25,45,19,195,412,250,474,439,471,689,944
2255,444843,"Ethier, Andre ",35,L,o7,LA,34,3,8,1,0,2,3,4,10,0,0,235,316,441,757,-3,-6,-20,-14,11,71,0.4,118,119,107,84,0,54,17,29,212,35,4.6,-0.6,25,35,3,258,0,343,0,484,0,827,0
5720,595943,"Evans, Phillip ",24,R,5,NYM,33,4,10,2,0,0,1,4,8,0,0,303,395,364,758,-3,-5,-20,-14,11,76,0.5,50,94,110,95,0,32,36,32,265,35,5,-0.1,-4,30,8,320,250,433,250,400,250,833,500
5666,571657,"Farmer, Kyle ",26,R,5,LA,20,1,6,1,0,0,2,0,3,0,0,300,300,350,650,-3,-6,0,0,0,85,0,37,106,121,79,0,35,53,12,388,55,3.8,-0.7,-4,12,8,333,250,333,250,417,250,750,500
3876,543148,"Federowicz, Tim ",29,R,2,SF,13,3,3,0,0,2,3,1,4,0,0,231,286,692,978,-3,-6,0,0,7,69,0.25,245,168,125,75,0,44,22,33,324,40,6.6,1,112,5,9,500,111,600,111,1250,444,1850,556
4211,527038,"Flores, Wilmer ",25,R,534,NYM,336,42,91,17,1,18,52,17,54,1,1,271,307,488,795,8,7,-1,2,5,84,0.31,111,127,120,96,51,36,18,46,271,40,5.2,-4.5,65,252,110,262,291,306,309,459,553,765,862
3933,465753,"Florimon Jr., Pedro A",30,B,o,PHI,46,6,16,4,1,0,6,3,16,0,0,348,388,478,866,-1,-4,-18,-12,6,65,0.19,105,43,79,128,0,48,31,21,252,15,7.3,3.2,-1,36,13,314,455,333,538,400,727,733,1266
3333,452095,"Flowers, Tyler ",31,R,2,ATL,317,41,89,16,0,12,49,31,82,0,1,281,378,445,823,7,6,-3,1,8,74,0.38,99,99,111,63,1,42,24,33,255,25,5.4,11.8,13,303,67,280,283,366,433,455,396,821,829
3796,523253,"Forsythe, Logan ",30,R,45,LA,361,56,81,19,0,6,36,69,109,3,2,224,351,327,678,-1,1,-10,-6,16,70,0.63,74,111,103,92,59,44,23,33,225,45,3.7,-9.9,0,286,153,190,290,315,418,262,452,576,870
3078,451594,"Fowler, Dexter D",31,B,8o,STL,420,68,111,22,9,18,64,63,101,7,3,264,363,488,851,12,13,5,8,13,76,0.62,124,150,117,147,115,39,22,38,269,50,6,10.4,75,371,120,268,252,372,333,511,421,883,754
4491,596748,"Franco, Maikel ",24,R,5,PHI,575,66,132,29,1,24,76,41,95,0,0,230,281,409,690,4,6,-0,2,7,83,0.43,95,86,105,63,0,45,18,37,264,55,3.8,-26.1,44,461,162,237,209,284,272,417,385,701,657
5297,624428,"Frazier, Adam ",25,L,o749,PIT,406,55,112,20,6,6,53,36,57,9,5,276,344,399,743,10,10,1,4,8,86,0.63,66,59,96,124,95,48,25,27,288,60,4.6,-7.6,52,391,63,271,304,343,355,411,321,754,676
3393,518692,"Freeman, Freddie ",27,L,35,ATL,440,84,135,35,2,28,71,65,95,8,5,307,403,586,989,23,23,18,20,13,78,0.68,157,156,119,101,72,35,24,41,300,50,8.3,29.5,97,371,143,318,278,420,357,611,524,1032,880
5324,502273,"Freeman, Michael ",29,L,6,CHC,60,6,6,2,0,1,1,6,19,0,0,100,182,183,365,-6,-7,-23,-17,9,68,0.32,58,86,74,90,0,50,13,38,184,40,0.9,-7.7,-32,56,10,115,0,179,200,212,0,390,200
3162,501896,"Freese, David ",34,R,53,PIT,426,44,112,16,0,10,52,58,116,0,1,263,368,371,739,5,5,-5,-1,12,73,0.5,68,80,94,86,1,57,20,23,225,30,4.5,-10.3,-3,374,129,248,308,350,419,354,421,704,839
5463,571679,"Freitas, David ",28,R,2,ATL,17,2,4,2,0,0,2,0,4,0,0,235,235,353,588,-3,-4,0,0,0,76,0,97,32,95,76,0,62,38,0,331,50,2.8,-0.6,8,14,3,286,0,286,0,429,0,714,0
3845,518700,"Fryer, Eric ",31,R,2,FAN,71,7,11,3,0,0,3,11,18,0,0,155,277,197,474,-7,-8,-22,-17,13,75,0.61,36,35,51,78,0,58,15,26,198,55,1.6,-5.8,-20,70,13,180,0,286,231,230,0,515,231
4449,571681,"Fuentes, Reymond ",26,L,o8,ARI,136,19,32,1,2,3,9,8,35,4,1,235,278,338,616,-1,-3,-16,-11,6,74,0.23,52,72,85,185,175,46,22,31,228,30,3.2,-7.7,7,123,22,243,190,287,227,365,190,652,418
5028,502570,"Gale, Rocky ",29,R,2,SD,10,1,1,0,0,1,2,0,2,0,0,100,100,400,500,0,0,0,0,0,80,0,138,67,81,98,0,38,0,63,181,50,1.1,-0.9,62,8,2,0,500,0,500,0,2000,0,2500
3954,520471,"Galvis, Freddy ",27,B,6,PHI,608,71,155,29,6,12,61,45,111,14,5,255,309,382,690,12,13,4,8,7,82,0.41,71,85,84,125,108,37,24,39,252,45,4,-9.5,37,461,202,255,255,317,289,397,349,714,638
4928,611177,"Garcia, Adonis ",32,R,5,ATL,173,19,41,4,0,5,19,7,23,4,0,237,273,347,620,-0,-2,-14,-9,4,87,0.3,54,69,102,77,85,55,16,29,257,50,3.2,-9.6,23,154,29,238,231,266,310,327,462,593,772
4615,594824,"Garcia, Greg ",27,L,546,STL,241,27,61,9,2,2,20,37,64,2,1,253,365,332,697,-1,-2,-14,-9,13,73,0.58,52,41,50,120,84,48,30,22,253,40,4,-7.2,0,244,46,282,86,384,256,374,86,758,342
4233,571697,"Gennett, Scooter ",27,L,4o5,CIN,461,80,136,22,3,27,97,30,114,3,2,295,342,531,874,21,21,17,19,6,75,0.26,131,125,105,106,68,41,21,38,272,30,6.4,18,52,382,115,310,248,359,287,571,404,930,691
3087,543216,"Gillaspie, Conor ",29,L,5,SF,80,8,13,4,0,2,8,5,10,0,0,163,218,288,506,-6,-7,-21,-16,6,88,0.5,68,69,70,92,0,51,11,38,236,65,1.9,-9,46,75,12,159,182,213,250,290,273,503,523
3872,502671,"Goldschmidt, Paul ",29,R,3,ARI,558,117,166,34,3,36,120,94,147,18,5,297,404,563,966,36,36,35,35,14,74,0.64,154,160,132,105,95,46,19,35,284,40,8.1,34.7,80,503,161,293,311,398,422,554,591,952,1013
5649,622497,"Gomez, Miguel ",24,B,4,SF,33,3,8,2,0,0,2,0,6,0,0,242,235,303,538,-4,-6,-20,-15,0,82,0,47,72,95,95,0,43,29,29,264,45,2.5,-2.4,-4,18,16,278,200,278,188,333,267,611,454
909,408236,"Gonzalez, Adrian ",35,L,3,LA,231,14,56,17,0,3,30,16,43,0,1,242,287,355,642,-2,-3,-15,-11,6,81,0.37,75,108,106,68,1,41,22,37,250,45,3.4,-17.1,21,201,50,255,191,299,240,391,213,690,453
2834,471865,"Gonzalez, Carlos ",31,L,9o,COL,470,72,123,34,0,14,57,56,119,3,0,262,339,423,762,8,10,2,5,10,75,0.47,105,101,97,83,85,49,20,32,257,40,5,-2.2,31,397,137,283,206,373,241,463,321,836,561
4483,571718,"Goodwin, Brian ",26,L,o879,WAS,251,41,63,21,1,13,30,23,69,6,0,251,313,498,811,6,6,-6,-2,8,73,0.33,155,133,100,104,116,38,19,43,268,40,5.5,5.2,64,229,49,232,341,297,388,473,614,770,1001
3827,543829,"Gordon, Dee ",29,L,4,MIA,653,114,201,20,9,2,33,25,93,60,16,308,341,375,716,41,39,31,35,4,86,0.27,37,20,56,198,233,58,23,20,281,40,4.7,1.1,41,499,195,314,293,352,313,391,335,744,648
3984,518735,"Grandal, Yasmani ",28,B,2,LA,438,50,108,27,0,22,58,40,130,0,1,247,308,459,767,6,6,-2,1,8,70,0.31,134,125,104,62,1,44,16,40,239,30,4.8,8.6,26,384,98,250,233,305,320,486,349,790,668
1161,434158,"Granderson, Curtis ",36,L,o987,LA,449,74,95,24,3,26,64,71,123,6,2,212,323,452,775,5,7,0,3,13,73,0.58,140,154,104,111,92,33,19,49,250,50,4.7,-8.3,65,410,117,214,202,337,274,470,394,806,668
4257,502205,"Green, Grant ",29,R,4,MIA,3,0,0,0,0,0,0,0,2,0,0,0,0,0,0,0,0,0,0,0,33,0,0,-26,0,110,0,0,0,100,0,20,0,-0.5,-231,3,0,0,0,0,0,0,0,0,0
4536,545341,"Grichuk, Randal ",25,R,o879,STL,412,53,98,25,3,22,59,26,133,6,1,238,285,473,758,8,9,-0,3,6,68,0.2,150,152,110,111,105,36,21,43,249,30,4.5,-5.1,38,336,106,248,204,292,264,497,398,788,662
1089,429711,"Gutierrez, Franklin R",34,R,o97,LA,56,8,13,3,0,1,8,7,16,0,1,232,317,339,657,-3,-5,-19,-14,11,71,0.44,75,80,87,83,5,68,10,23,217,35,3.3,-2.9,-4,16,47,333,195,375,298,333,341,708,639
4019,576397,"Gyorko, Jedd ",28,R,5463,STL,426,52,116,21,2,20,67,47,105,6,2,272,341,472,813,14,13,5,8,10,75,0.45,114,114,94,78,64,41,20,39,257,40,5.7,4.6,38,368,113,255,327,329,381,434,594,763,975
4284,571740,"Hamilton, Billy ",26,B,8o,CIN,582,85,144,17,11,4,38,44,133,59,13,247,299,335,634,28,27,16,20,7,77,0.33,49,24,50,199,254,46,24,31,238,35,3.6,-23.1,23,459,174,259,219,322,241,351,296,673,537
2772,452672,"Hanigan, Ryan ",36,R,2,COL,101,9,27,2,0,2,12,8,26,0,0,267,324,347,671,-1,-2,-17,-12,7,74,0.31,46,56,70,62,0,62,16,22,200,20,3.9,-0.7,-30,76,36,183,467,237,514,183,733,420,1248
5506,664023,"Happ, Ian ",22,B,o8479,CHC,364,62,92,17,3,24,68,39,129,8,4,253,328,514,842,13,13,6,9,9,65,0.3,167,122,86,106,85,40,20,40,250,25,5.6,3.4,45,300,113,243,276,334,313,529,476,863,789
3941,547180,"Harper, Bryce ",24,L,o9,WAS,420,95,134,27,1,29,87,68,99,4,2,319,413,595,1008,25,26,22,23,14,76,0.69,155,105,106,114,81,40,22,38,293,45,9.2,44.7,94,363,129,322,311,433,357,654,445,1087,802
3820,543281,"Harrison, Josh ",29,R,45,PIT,486,66,132,26,2,16,47,28,90,12,4,272,339,432,771,14,14,5,9,5,81,0.31,89,120,107,104,93,36,23,41,260,40,4.7,-1.9,41,414,128,267,286,328,375,417,482,745,857
5238,571757,"Hazelbaker, Jeremy ",29,L,o78,ARI,52,10,18,2,2,2,10,9,20,1,0,346,443,577,1020,1,-0,-16,-10,15,62,0.45,148,161,101,176,185,38,25,38,234,20,10.1,6.9,49,49,12,341,364,449,417,537,727,986,1144
4550,595978,"Hedges, Austin ",24,R,2,SD,387,36,83,17,0,18,55,23,122,4,1,214,262,398,660,2,2,-8,-4,6,68,0.19,116,114,92,69,60,37,18,46,223,30,3.3,-8.5,0,298,119,215,214,263,261,422,339,684,600
3282,502317,"Heisey, Chris ",32,R,o7,FAN,74,8,12,3,1,1,5,5,22,0,0,162,215,270,485,-6,-7,-21,-16,6,70,0.23,70,116,71,112,0,39,12,49,186,40,1.8,-8.6,-14,58,21,132,238,207,238,208,429,414,667
4375,514917,"Hernandez, Cesar ",27,B,4,PHI,511,85,150,26,6,9,34,61,104,15,5,294,373,421,793,16,18,9,12,11,80,0.59,74,61,71,185,161,53,23,25,273,40,5.6,8.3,56,407,170,299,281,381,353,405,458,786,810
4675,571771,"Hernandez, Enrique ",25,R,o78695,LA,297,46,64,24,2,11,37,41,80,3,0,215,308,421,729,-1,1,-10,-6,12,73,0.51,132,122,116,93,97,42,19,40,259,50,4.3,-8.6,52,165,177,159,270,244,367,255,579,499,946
2814,491676,"Hernandez, Gorkys ",29,R,o789,SF,310,40,79,20,1,0,22,31,73,12,4,255,327,326,652,4,4,-9,-4,9,76,0.42,56,66,78,108,100,47,22,31,237,40,3.6,-13.1,3,201,147,269,237,347,299,337,311,684,610
4842,546318,"Herrera, Odubel ",25,L,8o,PHI,526,67,148,42,3,14,56,31,126,8,5,281,325,452,778,14,14,6,9,6,76,0.25,110,79,90,94,68,44,21,35,265,35,5,-0.2,33,402,161,279,288,326,323,445,471,771,794
4212,543302,"Herrmann, Chris ",29,L,2o7,ARI,226,35,41,7,0,10,27,29,67,5,0,181,273,345,619,-3,-2,-14,-9,11,70,0.43,97,126,98,92,100,44,18,38,227,50,3.1,-7.5,11,209,47,188,156,292,191,354,311,645,503
3311,518792,"Heyward, Jason ",27,L,o98,CHC,432,59,112,15,4,11,59,41,67,4,4,259,326,389,715,7,8,-0,3,9,84,0.61,66,70,87,113,64,47,20,33,262,55,4.2,-12.2,44,359,121,256,267,338,292,396,371,734,662
1186,431094,"Hill, Aaron ",35,R,54,FAN,68,7,9,2,1,1,7,11,13,0,0,132,250,235,485,-6,-8,-22,-16,14,81,0.85,55,99,88,108,0,30,20,50,214,70,1.8,-7.6,29,47,33,119,154,213,303,214,269,427,572
5391,656555,"Hoskins, Rhys ",24,R,o73,PHI,170,37,44,7,0,18,48,37,46,2,0,259,396,618,1014,7,6,-3,0,17,73,0.8,196,178,136,70,72,31,24,45,300,60,8.4,12.3,106,154,58,287,171,396,397,620,610,1016,1006
3415,502151,"Huffman, Chad ",32,R,o90,WAS,14,3,4,0,1,0,0,1,6,0,0,286,333,429,762,-3,-4,0,0,7,57,0.17,79,99,58,134,0,38,50,13,237,10,5.1,0,-52,9,6,250,333,333,333,250,667,583,1000
2981,460026,"Hundley, Nick ",33,R,2,SF,287,27,70,23,0,9,35,12,81,0,0,244,272,418,691,0,-0,-11,-7,4,72,0.15,119,101,98,74,0,42,19,38,242,30,3.9,-1.5,14,201,102,214,305,235,347,349,558,584,904
5493,666561,"Hwang, Jae-gyun ",29,R,5,SF,52,2,8,1,0,1,5,5,15,0,0,154,228,231,459,-5,-7,-22,-16,9,71,0.33,47,102,62,80,0,43,19,38,171,40,1.6,-6.3,-33,36,21,94,250,194,286,125,400,319,686
2414,455104,"Iannetta, Chris ",34,R,2,ARI,272,38,69,19,0,17,43,37,87,0,0,254,354,511,865,5,4,-6,-2,12,68,0.43,166,131,98,65,0,37,20,42,259,40,6,15.4,50,222,94,234,300,333,404,490,563,823,967
4329,542255,"Inciarte, Ender ",26,L,8o,ATL,662,93,201,27,5,11,57,49,94,22,9,304,350,409,759,27,27,20,22,7,86,0.52,57,54,77,134,116,47,24,29,274,45,5.2,2.7,45,550,168,307,291,350,347,423,364,773,712
2918,457926,"Janish, Paul ",34,R,6,FAA,26,0,2,0,0,0,3,1,6,0,0,77,111,77,188,-5,-8,-22,-17,4,77,0.17,0,40,74,86,0,47,16,37,130,50,0.2,-4,-56,28,0,77,0,111,0,77,0,188,0
5008,608671,"Jankowski, Travis ",26,L,o897,SD,75,10,14,2,0,0,1,9,28,4,0,187,282,213,496,-4,-6,-20,-14,10,63,0.32,27,45,93,133,159,62,14,24,178,25,2.1,-7.5,-64,69,18,203,125,299,222,237,125,536,347
3076,444379,"Jaso, John ",33,L,3o97,PIT,256,28,54,19,0,10,35,40,66,1,1,211,328,402,730,-2,-2,-13,-9,13,74,0.61,121,149,109,69,37,34,19,47,247,55,4.1,-12.3,43,268,34,212,200,332,294,412,333,744,627
3434,445055,"Jay, Jon ",32,L,o879,CHC,379,65,112,18,3,2,34,37,80,6,2,296,374,375,749,8,10,-0,3,9,79,0.46,52,54,81,121,98,47,29,24,266,40,4.9,-4,12,332,101,289,318,364,410,384,341,748,751
4693,608672,"Johnson, Micah ",26,L,o47,ATL,10,2,2,0,0,0,0,0,4,1,0,200,200,200,400,0,0,0,0,0,60,0,0,16,35,106,158,50,17,33,149,10,1.6,-0.8,-125,11,0,200,0,200,0,200,0,400,0
5632,624507,"Jones, Ryder ",23,L,35,SF,150,12,26,5,2,2,5,10,52,1,0,173,244,273,517,-8,-8,-22,-17,6,65,0.19,68,90,76,131,136,38,14,47,177,30,1.9,-19.3,-30,130,34,176,161,246,235,303,161,549,397
4492,571830,"Joseph, Tommy ",25,R,3,PHI,495,51,119,27,1,22,69,33,129,1,0,240,289,432,721,6,6,-1,2,6,74,0.26,115,109,105,56,56,42,19,39,250,35,4.2,-21.4,19,386,147,251,211,293,279,439,414,732,692
5378,608348,"Kelly, Carson ",22,R,2,STL,69,5,12,3,0,0,6,5,11,0,0,174,240,217,457,-6,-7,-21,-16,7,84,0.45,33,123,111,78,0,56,16,28,219,60,1.5,-5.5,1,64,11,186,100,250,182,237,100,487,282
4812,571841,"Kelly, Tyler ",28,B,4o,PHI,89,11,17,7,0,2,14,8,25,0,0,191,257,337,595,-4,-6,-19,-14,8,72,0.32,104,86,70,82,0,42,21,37,240,45,2.7,-7.2,13,71,34,197,179,265,242,377,250,642,492
2303,461314,"Kemp, Matt ",32,R,o79,ATL,438,47,121,23,1,19,64,27,99,0,2,276,318,463,781,11,10,2,5,6,77,0.27,107,104,109,81,2,49,23,28,273,35,5.1,-2,33,357,109,284,250,314,330,494,354,808,684
2246,435062,"Kendrick, Howie ",33,R,o74,WAS,305,40,96,16,3,9,41,22,68,12,5,315,368,475,844,16,13,3,7,7,78,0.32,93,84,99,109,98,58,22,20,285,30,6.2,10.3,33,234,100,312,322,359,390,460,511,819,901
5146,547957,"Kim, Hyun-Soo ",29,L,o79,PHI,212,20,49,8,1,1,14,22,46,0,0,231,307,292,599,-5,-5,-18,-13,9,78,0.48,41,82,89,103,0,47,24,29,237,45,2.9,-14.7,-1,222,16,239,133,315,188,305,133,620,321
4808,623182,"Kivlehan, Patrick ",27,R,o937,CIN,178,23,37,5,1,9,26,22,61,1,2,208,304,399,703,-2,-3,-14,-10,11,66,0.36,117,126,88,97,39,44,18,38,224,35,3.6,-8.6,9,123,81,187,239,285,333,364,451,649,784
5091,595284,"Knapp, Andrew ",25,B,2,PHI,171,26,44,8,1,3,13,31,56,1,0,257,368,368,736,-1,-2,-15,-10,15,67,0.55,78,102,105,123,125,59,17,24,222,25,4.7,3.4,1,161,43,269,216,379,326,388,297,767,623
3807,518902,"Kozma, Pete ",29,R,65,FAA,45,6,5,0,0,1,2,3,20,0,1,111,200,178,378,-5,-6,-22,-16,6,56,0.15,44,44,35,110,16,32,20,48,143,30,0.7,-6.2,-95,28,23,42,190,148,261,42,333,190,594
4531,600303,"La Stella, Tommy ",28,L,54,CHC,125,18,36,8,0,5,22,20,18,0,0,288,389,472,861,2,1,-13,-8,13,86,1.11,99,95,111,74,0,43,23,34,289,65,6.5,5.8,73,136,13,277,385,390,385,455,615,845,1000
4349,501571,"Lagares, Juan ",28,R,o8,NYM,252,37,63,16,2,3,15,14,56,7,3,250,296,365,661,1,1,-11,-7,5,78,0.25,75,77,93,135,119,51,20,29,257,40,3.5,-11.3,24,186,86,264,218,308,271,379,333,687,604
5012,534606,"LaMarre, Ryan ",28,R,o8,FAA,7,0,0,0,0,0,0,1,3,0,0,0,125,0,125,0,0,0,0,13,57,0.33,0,-26,58,90,0,75,0,25,0,25,0,-1.2,-116,4,4,0,0,250,0,0,0,250,0
4704,571875,"Lamb, Jacob ",26,L,5,ARI,536,89,133,30,4,30,105,87,152,6,4,248,357,487,844,16,18,14,16,14,72,0.57,142,125,104,95,63,41,21,38,264,45,5.7,-2.6,58,479,156,282,144,386,269,552,288,938,557
3818,518934,"LeMahieu, DJ ",28,R,4,COL,609,95,189,28,4,8,64,59,90,6,5,310,374,409,783,19,21,15,17,9,85,0.66,56,60,105,112,67,56,25,20,289,50,5.5,8.1,39,509,173,293,362,358,421,365,539,724,961
2428,452252,"Lind, Adam A",33,L,37o,WAS,267,39,81,14,0,14,59,28,47,1,0,303,362,513,875,11,9,1,4,9,82,0.6,110,128,131,84,86,46,18,36,273,40,7,9.6,64,269,32,303,310,364,344,534,345,898,689
3290,446653,"Lobaton, Jose M",32,B,2,WAS,141,11,24,3,0,4,11,14,35,0,0,170,248,277,525,-7,-8,-21,-16,9,75,0.4,60,77,85,72,0,51,17,32,208,55,2.1,-9,-9,119,39,165,184,263,205,301,211,564,416
5747,641796,"Locastro, Tim ",24,R,7o,LA,1,0,0,0,0,0,0,0,0,1,0,0,0,0,0,0,0,0,0,0,100,0,0,-26,0,104,104,0,0,100,0,50,0,-0.1,33,1,0,0,0,0,0,0,0,0,0
3925,543459,"Lombardozzi, Steve ",28,B,4,FAN,8,0,0,0,0,0,0,0,2,0,0,0,0,0,0,0,0,0,0,0,75,0,0,-26,0,96,0,83,0,17,0,35,0,-1.4,-68,7,1,0,0,0,0,0,0,0,0
3514,518960,"Lucroy, Jonathan ",31,R,20,COL,423,45,112,21,3,6,40,46,51,1,0,265,345,371,716,4,5,-7,-3,10,88,0.9,59,46,80,102,103,53,19,28,270,65,4.4,2.6,51,361,120,272,243,355,317,386,327,741,644
5665,656669,"Luplow, Jordan ",23,R,o9,PIT,78,6,16,3,1,3,11,6,22,0,1,205,276,385,660,-3,-4,-19,-14,7,72,0.27,104,103,82,110,7,38,16,46,223,40,3,-4.6,19,58,29,231,154,293,241,365,423,658,664
5159,622534,"Margot, Manuel ",22,R,o8,SD,487,53,128,18,7,13,39,35,106,17,7,263,313,409,721,13,12,2,6,7,78,0.33,79,75,80,166,150,41,23,36,250,35,4.3,-10.3,41,393,136,255,285,298,353,385,480,683,833
2196,455976,"Markakis, Nick ",33,L,9o,ATL,593,76,163,39,1,8,76,68,110,0,2,275,354,384,738,10,12,5,7,10,81,0.62,71,71,109,77,1,49,22,29,260,50,4.7,-8.8,28,508,162,278,265,362,327,381,395,743,722
3666,502029,"Marrero, Chris ",29,R,7o,JPN,38,2,5,0,0,1,5,2,9,0,0,132,171,211,381,0,0,-21,-16,5,76,0.22,38,49,62,76,0,27,27,47,222,50,1.1,-5.4,-29,21,20,100,167,143,200,100,333,243,533
4988,606466,"Marte, Ketel ",23,B,6,ARI,223,30,58,11,2,5,18,29,37,3,1,260,345,395,740,1,0,-12,-7,11,83,0.78,74,77,95,145,117,45,21,34,264,55,4.7,-2,61,179,76,268,242,346,342,401,379,748,721
3977,516782,"Marte, Starling ",28,R,o78,PIT,309,48,85,7,2,7,31,20,63,21,4,275,333,379,712,14,12,1,5,6,80,0.32,55,77,84,144,161,49,21,30,248,30,4.4,-5.7,19,260,79,311,162,369,215,438,189,808,404
3795,547982,"Martin, Leonys ",29,L,8o9,CHC,128,14,22,3,1,3,9,8,33,7,4,172,232,281,513,-2,-3,-18,-13,6,74,0.24,61,100,76,117,130,46,15,39,211,45,1.8,-12.8,-5,114,24,159,238,211,333,234,524,444,857
3869,502110,"Martinez, J.D. ",29,R,9o,ARI,428,85,131,26,3,45,104,53,127,4,0,306,379,696,1076,30,28,26,27,11,70,0.42,226,192,140,95,99,38,19,43,306,40,9.9,58.1,115,375,110,287,376,355,464,642,892,996,1356
5279,500874,"Martinez, Jose ",28,R,o379,STL,272,47,84,13,1,14,46,32,60,4,0,309,379,518,897,12,11,2,5,10,78,0.53,115,123,117,112,117,42,27,31,286,40,7.4,15.9,60,238,69,282,407,346,493,427,847,773,1340
2213,425772,"Mathis, Jeff ",34,R,2,ARI,186,13,40,10,2,2,11,14,61,1,0,215,277,323,600,-4,-4,-20,-14,7,67,0.23,78,94,84,105,107,42,23,35,217,30,2.9,-7.3,-21,149,54,216,213,264,315,309,362,573,677
2567,457705,"McCutchen, Andrew ",30,R,o89,PIT,570,94,159,30,2,28,88,73,116,11,5,279,363,486,849,23,23,19,21,11,80,0.63,113,109,114,91,71,41,22,37,276,50,6.1,19.5,61,503,147,263,336,342,435,427,696,769,1131
5423,641857,"McMahon, Ryan ",22,L,3,COL,19,2,3,1,0,0,1,5,5,0,0,158,333,211,544,-5,-7,0,0,21,74,1,45,81,64,110,0,86,0,14,160,55,2.1,-2.3,8,19,5,200,0,368,200,267,0,635,200
5639,622270,"Mejia, Alex ",26,R,5,STL,46,6,5,0,0,1,3,2,13,0,0,109,146,174,320,-6,-8,-22,-16,4,72,0.15,33,27,51,92,0,64,12,24,204,45,0.7,-6,-48,34,15,65,200,121,200,65,400,186,600
4113,474568,"Mercer, Jordy ",30,R,6,PIT,502,52,128,24,5,14,58,51,88,0,4,255,326,406,733,5,6,-3,0,9,82,0.58,82,87,104,113,3,48,21,31,268,50,4.4,-3.2,50,423,135,257,248,329,319,407,405,735,723
3855,519023,"Mesoraco, Devin ",29,R,2,CIN,141,17,30,5,1,6,14,18,38,1,0,213,321,390,711,-3,-4,-17,-12,11,73,0.47,101,84,85,92,94,41,19,39,239,45,3.9,-1,24,106,59,231,180,330,305,418,340,748,645
1203,425877,"Molina, Yadier ",34,R,2,STL,501,60,137,27,1,18,82,28,74,9,4,273,312,439,751,17,16,9,12,5,85,0.38,88,118,126,75,60,42,20,37,274,45,4.7,9.9,46,423,120,276,266,313,308,411,541,724,850
5667,519037,"Moncrief, Carlos ",28,L,9o,SF,38,4,8,1,0,0,5,3,15,0,0,211,256,237,493,-4,-6,-20,-15,7,61,0.2,27,134,88,91,0,32,28,40,174,15,2.1,-3.6,-92,39,4,229,0,256,250,257,0,514,250
4085,489138,"Moore, Tyler ",30,R,3o,MIA,187,17,43,14,0,6,30,10,56,0,0,230,267,401,668,-1,-3,-15,-10,5,70,0.18,118,138,94,68,0,36,14,50,215,30,3.6,-11.6,7,126,77,254,192,296,221,482,274,778,495
5340,621559,"Moroff, Max ",24,B,46,PIT,120,19,24,4,1,3,21,16,43,0,1,200,302,325,627,-3,-3,-17,-12,11,64,0.37,84,142,76,104,3,38,19,43,196,25,2.9,-6.3,-19,100,40,193,219,283,350,330,313,612,663
1070,434604,"Morse, Michael J",35,R,3,SF,36,1,7,1,0,1,3,3,14,0,0,194,250,306,556,-4,-7,-21,-15,8,61,0.21,79,72,86,71,0,52,22,26,174,20,2.5,-3.8,-53,28,12,200,182,250,250,320,273,570,523
3013,502517,"Murphy, Daniel ",32,L,43,WAS,534,94,172,43,3,23,93,52,77,2,0,322,384,543,928,26,26,22,24,9,86,0.68,119,120,124,86,87,33,28,39,307,55,7.8,40,83,456,137,332,291,397,343,563,480,960,823
4454,571974,"Murphy, John Ryan",26,R,2,ARI,7,0,1,1,0,0,1,0,1,0,0,143,143,286,429,0,0,0,0,0,86,0,105,140,173,93,0,50,17,33,233,55,1.2,-0.6,57,7,0,143,0,143,0,286,0,429,0
5035,608596,"Murphy, Tom ",26,R,2,COL,24,1,1,1,0,0,1,2,9,0,0,42,115,83,199,-6,-8,-22,-17,8,63,0.22,42,40,51,80,0,40,20,40,169,40,0.3,-3.3,-74,7,19,0,59,0,158,0,118,0,276
4091,571976,"Myers, Wil ",26,R,3,SD,567,80,138,29,3,30,74,70,180,20,6,243,328,464,792,19,19,13,16,11,68,0.39,138,144,114,126,119,38,20,43,242,30,5.1,-3.6,45,477,172,246,234,321,349,472,441,792,790
3532,537953,"Nava, Daniel ",34,B,o7,PHI,183,21,55,8,1,4,21,26,38,1,0,301,393,421,813,3,1,-11,-6,12,79,0.68,70,94,109,91,93,44,28,29,269,40,6,3.2,27,156,58,341,188,423,310,474,271,897,581
4119,502117,"Negron, Kristopher ",31,R,67o,ARI,25,3,4,1,0,0,1,4,7,0,0,160,300,200,500,-4,-5,-21,-16,13,72,0.57,35,33,61,91,0,59,18,24,203,50,1.7,-3,-28,14,17,231,83,286,313,308,83,593,396
5540,547912,"Ngoepe, Gift ",27,R,4,PIT,54,10,12,2,1,0,6,8,26,0,0,222,323,296,619,-4,-6,-19,-14,13,52,0.31,68,27,43,127,0,68,18,14,182,10,3.1,-2.7,-72,49,14,256,91,333,286,349,91,682,377
5723,621512,"Nido, Tomas ",23,R,2,NYM,10,0,3,1,0,0,3,0,2,0,0,300,300,400,700,0,0,0,0,0,80,0,79,161,81,85,0,25,38,38,341,50,4.4,0.1,11,9,1,333,0,333,0,444,0,778,0
3456,543590,"Nieuwenhuis, Kirk ",29,L,o89,MIL,26,3,3,1,0,1,1,4,15,0,0,115,258,269,527,-5,-7,-21,-16,13,42,0.27,158,291,93,96,0,36,18,45,155,35,1.8,-2.8,-47,30,1,115,0,233,1000,269,0,503,1000
4773,607043,"Nimmo, Brandon ",24,L,o78,NYM,177,26,46,11,1,5,21,33,60,2,0,260,379,418,797,1,-0,-12,-8,15,66,0.55,112,106,94,103,107,43,24,33,237,30,5.5,2.3,18,166,49,281,190,404,292,474,238,878,530
3700,519083,"Norris, Derek ",28,R,2,FAA,179,21,36,5,0,9,24,12,48,1,0,201,258,380,637,-3,-3,-15,-11,6,73,0.25,100,122,108,52,54,27,25,47,239,45,3.1,-5.7,3,149,49,204,190,255,265,350,476,605,741
5543,543611,"Ortiz, Danny ",27,L,o,PIT,12,1,1,0,0,0,0,1,1,0,0,83,154,83,237,-5,-7,0,0,8,92,1,0,269,202,104,0,27,9,64,140,80,0.4,-2,15,12,1,0,1000,83,1000,0,1000,83,2000
5524,591741,"Osuna, Jose ",24,R,o937,PIT,215,31,50,13,4,7,30,9,40,0,0,233,269,428,697,-1,-1,-13,-8,4,81,0.23,106,65,97,103,0,53,18,29,287,55,3.7,-9.3,51,122,105,216,253,246,295,414,444,660,740
4223,572008,"Owings, Christopher ",25,R,68o94,ARI,362,41,97,25,1,12,51,17,87,12,2,268,299,442,741,12,10,0,4,4,76,0.2,108,109,97,99,103,43,22,36,262,35,4.7,-5,31,294,92,273,253,305,283,455,402,759,685
4356,542303,"Ozuna, Marcell ",26,R,o78,MIA,613,93,191,30,2,37,124,64,144,1,3,312,376,548,924,32,31,30,30,9,77,0.44,130,106,121,90,24,47,19,34,275,35,7.5,37.6,58,535,144,313,305,374,382,581,422,955,804
4661,605412,"Panik, Joe ",26,L,4,SF,511,60,147,28,5,10,53,46,54,4,1,288,347,421,768,12,12,3,6,8,89,0.85,70,78,94,116,97,44,22,34,282,60,5.2,3,67,398,175,287,290,347,349,452,348,799,697
4707,592620,"Parker, Jarrett ",28,L,o79,SF,166,14,41,12,2,4,23,10,54,2,1,247,294,416,709,1,-0,-15,-10,6,67,0.19,118,79,73,119,90,52,13,35,231,25,4,-6.9,13,148,29,246,250,297,276,420,393,718,669
3242,467827,"Parra, Gerardo ",30,L,o79,COL,392,56,121,24,1,10,71,20,67,2,5,309,341,452,793,15,14,6,9,5,83,0.3,83,113,117,75,26,47,23,30,277,30,5.4,1.9,32,319,106,296,347,329,377,459,429,788,806
4377,592626,"Pederson, Joc ",25,L,8o,LA,273,44,58,20,0,11,35,39,68,4,3,212,331,407,738,-0,1,-10,-6,12,75,0.57,121,101,100,72,49,47,19,34,265,55,4,-9.1,45,268,55,214,204,340,291,429,306,768,597
2549,452254,"Pence, Hunter ",34,R,9o,SF,493,55,128,13,5,13,67,40,102,2,3,260,315,385,701,8,8,0,3,7,79,0.39,66,76,94,143,62,57,13,29,239,30,4.1,-16.7,30,381,158,249,286,299,354,371,421,670,776
4640,444482,"Peralta, David ",29,L,o97,ARI,525,82,154,31,3,14,57,43,94,8,4,293,352,444,796,17,18,10,13,7,82,0.46,86,80,106,115,86,55,18,26,278,45,5.5,3.3,49,429,148,302,269,357,338,468,373,825,711
811,425509,"Peralta, Jhonny ",35,R,5,FAA,54,3,11,0,0,0,0,4,13,0,0,204,259,204,462,-5,-7,-22,-16,7,76,0.31,0,10,67,83,0,44,27,29,209,40,1.7,-5.6,-55,33,25,267,125,333,160,267,125,600,285
4779,606299,"Peraza, Jose ",23,R,46o,CIN,487,50,126,9,4,5,37,20,70,23,8,259,297,324,622,13,12,0,5,4,86,0.29,33,43,74,150,147,47,22,31,248,40,3.2,-18.9,24,380,138,250,282,289,319,320,336,609,655
4122,541650,"Perez, Hernan ",26,R,o57984,MIL,432,47,112,19,3,14,51,20,79,13,4,259,289,414,704,12,11,1,5,4,82,0.25,83,81,100,98,93,48,18,34,263,45,4.1,-11,33,338,120,239,316,271,342,403,447,673,789
4786,573088,"Perkins, Cameron ",26,R,o79,PHI,88,9,16,5,0,1,8,5,23,0,0,182,237,273,510,-5,-5,-21,-15,5,74,0.22,66,78,94,109,0,51,17,32,218,45,1.9,-9.9,-6,49,48,130,238,184,292,196,357,379,649
4611,607054,"Peterson, Jace ",27,L,4o75,ATL,186,15,40,9,2,2,17,27,48,3,0,215,318,317,635,-3,-3,-18,-13,13,74,0.56,66,80,89,101,106,58,12,30,223,40,3.3,-7.3,7,197,18,219,176,330,176,314,353,644,529
4765,502054,"Pham, Thomas ",29,R,o78,STL,444,95,136,22,2,23,73,71,117,25,7,306,411,520,931,31,29,24,27,13,74,0.61,124,104,106,111,109,52,22,26,280,40,7.7,27.7,56,411,119,310,292,411,412,511,552,922,964
5074,621433,"Phillips, Brett ",23,L,o8,MIL,87,9,24,3,0,4,12,9,34,5,0,276,351,448,799,3,1,-15,-9,9,61,0.26,119,101,73,118,140,38,25,38,217,10,5.8,2.6,-4,87,11,295,111,368,200,487,111,855,311
3875,444489,"Pina, Manny ",30,R,2,MIL,330,45,92,21,0,9,43,20,79,2,0,279,327,424,751,7,6,-4,0,6,76,0.25,92,131,105,87,89,35,23,42,245,30,4.8,7.3,17,257,102,275,287,324,333,445,372,769,706
4772,517369,"Pirela, Jose ",27,R,o7,SD,312,43,90,25,4,10,40,27,71,4,3,288,347,490,837,9,8,-2,1,8,77,0.38,122,97,106,119,79,47,21,32,282,35,5.9,7.9,60,254,90,283,305,340,367,465,561,805,928
4599,572039,"Piscotty, Stephen ",26,R,o9,STL,341,40,80,16,1,9,39,52,87,3,6,235,342,367,708,2,2,-9,-5,13,74,0.6,81,112,99,86,36,49,18,33,233,40,3.9,-10.9,16,322,79,235,234,332,380,372,344,704,723
4471,608700,"Plawecki, Kevin  ",26,R,2,NYM,100,11,26,5,0,3,13,14,17,1,0,260,364,400,764,-1,-3,-16,-11,12,83,0.82,78,78,100,81,83,49,24,27,277,60,4.9,2.4,44,84,34,270,231,345,412,459,231,805,643
4403,570256,"Polanco, Gregory ",25,L,o97,PIT,379,39,95,20,0,11,35,27,60,8,1,251,305,391,695,5,5,-6,-2,7,84,0.45,78,77,88,79,78,42,20,38,262,50,4.1,-12.5,38,313,97,257,231,313,278,417,308,730,586
3951,572041,"Pollock, A.J. ",29,R,8o,ARI,425,73,113,33,6,14,49,35,71,20,6,266,330,471,801,16,17,8,11,8,83,0.49,113,111,118,123,129,45,23,32,299,55,5.2,2,78,314,152,261,277,331,329,444,525,775,854
3180,457763,"Posey, Buster ",30,R,23,SF,494,62,158,34,0,12,67,61,66,6,1,320,400,462,861,21,19,12,14,11,87,0.92,81,113,116,81,72,44,23,33,285,50,6.9,37.2,59,406,162,304,360,379,451,420,568,799,1019
2240,445988,"Prado, Martin M",33,R,5,MIA,140,13,35,9,0,2,12,6,22,0,0,250,279,357,636,-3,-4,-17,-12,4,84,0.27,67,58,66,71,0,49,20,31,256,45,3.4,-7.7,22,114,33,239,290,272,303,358,355,630,658
4319,624577,"Puig, Yasiel ",26,R,9o,LA,499,72,131,24,2,28,74,64,100,15,6,263,346,487,833,20,19,13,16,11,80,0.64,119,95,107,93,80,48,16,36,277,55,5.8,8.2,67,425,145,288,183,355,317,554,275,909,592
1893,430605,"Raburn, Ryan ",36,R,o7,FAN,65,7,17,1,2,2,6,4,25,0,1,262,304,431,735,-3,-5,-19,-13,6,62,0.16,103,80,75,143,9,48,30,23,234,20,4.2,-1.9,-14,41,28,316,185,366,214,605,185,971,399
5711,600466,"Read, Raudy ",23,R,2,WAS,11,1,3,0,0,0,0,0,3,0,0,273,273,273,545,-4,-6,0,0,0,73,0,0,5,37,135,0,63,13,25,164,20,2.6,-0.4,-65,8,3,125,667,125,667,125,667,250,1333
4489,592663,"Realmuto, Jacob ",26,R,2,MIA,532,68,148,31,5,17,65,36,106,8,2,278,332,451,783,15,15,8,11,6,80,0.34,97,98,108,126,110,48,18,34,267,40,5.2,16.9,50,451,128,277,283,324,359,444,478,768,837
3892,489232,"Recker, Anthony ",33,R,2,ATL,7,1,1,0,0,0,0,0,1,0,0,143,143,143,286,0,0,0,0,0,86,0,0,140,116,71,0,67,17,17,246,55,0.6,-0.7,-33,6,1,167,0,167,0,167,0,333,0
5670,595373,"Reinheimer, Jack ",24,R,6,ARI,5,0,0,0,0,0,0,0,3,0,0,0,0,0,0,0,0,0,0,0,40,0,0,-26,0,109,0,50,0,50,0,20,0,-0.8,-204,4,1,0,0,0,0,0,0,0,0
4346,543685,"Rendon, Anthony ",27,R,5,WAS,508,81,153,41,1,25,100,84,82,7,2,301,403,533,937,25,24,20,22,14,84,1.02,127,112,116,91,75,34,19,47,282,55,7.8,34.8,94,480,125,292,337,392,448,495,683,887,1131
5083,592669,"Renfroe, Hunter ",25,R,9o,SD,445,51,103,25,1,26,58,27,140,3,0,231,284,467,751,6,6,-2,2,6,69,0.19,148,131,96,84,87,38,17,45,244,30,4.3,-12.7,31,349,130,202,316,244,392,393,684,636,1077
2515,408314,"Reyes, Jose B",34,B,654,NYM,501,75,123,25,7,15,58,50,79,24,6,246,315,413,728,16,16,8,11,9,84,0.63,87,88,91,137,142,37,20,43,258,55,4.4,-5.8,67,426,135,239,267,306,343,386,500,692,843
2639,448602,"Reynolds, Mark A",33,R,3,COL,520,82,139,22,1,30,97,69,175,2,1,267,352,487,839,17,18,14,16,12,66,0.39,138,133,93,81,55,42,22,36,245,25,6,0.8,25,423,170,281,231,355,347,515,413,869,760
4767,608703,"Reynolds, Matt ",26,R,56,NYM,113,12,26,1,2,1,5,14,37,0,1,230,326,301,626,-4,-6,-20,-14,11,67,0.38,39,24,64,187,5,55,12,33,179,15,3,-5.1,-19,98,32,229,233,340,281,289,333,629,615
5533,595375,"Riddle, J.T. ",25,L,6,MIA,228,20,57,13,1,3,31,12,50,0,2,250,282,355,637,-1,-2,-14,-9,5,78,0.24,68,97,104,109,4,53,18,28,241,35,3.3,-8,11,184,63,246,262,286,270,371,311,657,581
1109,425784,"Rivera, Rene ",33,R,2,CHC,218,23,55,9,0,10,35,14,70,0,1,252,305,431,736,2,0,-11,-6,6,68,0.2,113,139,99,54,1,36,25,39,239,25,4.3,1.4,-7,178,59,259,232,316,271,414,482,730,753
5350,608061,"Rivera, T.J. ",28,R,543,NYM,214,27,62,13,1,5,27,9,32,1,0,290,330,430,760,3,2,-10,-5,4,85,0.28,79,101,102,101,103,35,25,40,271,40,4.9,-2.1,43,177,54,299,260,341,296,439,400,780,696
5056,592680,"Rivera, Yadiel ",25,R,5,MIL,2,0,0,0,0,0,0,0,1,0,0,0,0,0,0,0,0,0,0,0,50,0,0,224,202,116,0,0,100,0,0,20,0,-0.3,-162,0,2,0,0,0,0,0,0,0,0
3784,519203,"Rizzo, Anthony ",27,L,34,CHC,572,99,156,32,3,32,109,91,90,10,4,273,392,507,899,24,25,23,24,13,84,1.01,119,107,117,69,55,41,20,39,291,65,6.6,11,81,512,179,277,260,398,374,507,507,906,881
4610,543706,"Robertson, Daniel ",31,R,o97,FAA,80,9,18,4,1,1,7,7,3,0,1,225,287,338,625,-4,-6,-19,-14,8,96,2.33,55,20,80,93,5,71,13,16,307,90,3,-5.7,75,34,54,129,286,206,340,258,388,464,727
5167,645302,"Robles, Victor  ",20,R,o,WAS,24,2,6,1,2,0,4,0,6,0,1,250,308,458,766,-3,-6,-20,-15,0,75,0,105,135,96,162,54,53,12,35,249,35,3.1,-1.4,34,25,2,273,0,333,0,500,0,833,0
2895,446481,"Rodriguez, Sean ",32,R,3o4659,PIT,132,18,22,2,0,5,8,16,57,1,0,167,276,295,572,-6,-7,-20,-15,10,57,0.28,90,132,82,90,93,39,22,39,183,30,2.4,-12.7,-50,89,64,127,226,216,359,215,415,431,774
4569,500743,"Rojas, Miguel ",28,R,6435,MIA,272,37,79,16,2,1,26,27,32,2,1,290,361,375,736,3,3,-9,-4,9,88,0.84,52,32,72,115,81,48,25,27,285,60,4.8,-4.1,49,222,84,303,257,371,333,374,378,745,712
3023,489267,"Rosales, Adam M",34,R,654,ARI,289,25,65,16,0,7,36,11,100,1,2,225,260,353,613,-1,-1,-14,-9,4,65,0.11,94,78,81,90,35,35,22,42,211,25,2.9,-15.6,-26,187,125,216,239,239,290,324,398,563,689
5389,642708,"Rosario, Amed ",21,R,6,NYM,165,16,41,4,4,4,10,3,49,7,3,248,271,394,665,1,-1,-14,-9,2,70,0.06,82,73,69,196,198,51,20,29,236,30,3.4,-5.6,11,132,38,234,297,258,316,359,514,617,829
2803,448605,"Ruggiano, Justin ",35,R,o9,FAN,60,2,13,1,0,2,4,1,17,1,1,217,238,333,571,-3,-6,-20,-14,2,72,0.06,66,119,92,67,45,37,14,49,184,25,2.3,-5.6,-34,41,22,205,238,220,273,385,238,604,511
5387,547004,"Ruiz, Rio ",23,L,5,ATL,150,22,29,5,0,4,19,19,41,1,0,193,283,307,590,-4,-5,-17,-12,11,73,0.46,69,123,97,78,80,56,13,30,217,45,2.8,-11.9,-6,159,14,174,417,270,429,246,1000,517,1429
4467,519237,"Rupp, Cameron ",28,R,2,PHI,295,35,64,17,0,14,34,34,114,1,0,217,299,417,716,-1,-1,-11,-7,10,61,0.3,145,111,76,61,62,48,16,36,221,25,4.1,-0.2,2,222,109,195,267,252,394,405,444,657,839
4573,608365,"Russell, Addison ",23,R,6,CHC,352,52,84,21,3,12,43,29,91,2,1,239,304,418,722,2,3,-6,-3,8,74,0.32,109,83,97,111,78,40,23,37,256,40,4.1,-4,34,283,102,230,264,279,373,408,448,687,821
2490,457454,"Saltalamacchia, Jarrod ",32,B,2,FAA,25,1,1,0,0,0,0,1,16,0,0,40,77,40,117,-5,-6,-23,-17,4,36,0.06,0,85,32,85,0,22,22,56,76,30,0.1,-3.7,-220,16,10,67,0,125,0,67,0,192,0
5644,506703,"Sanchez, Adrian ",26,R,4,WAS,71,6,19,7,0,0,11,1,25,0,2,268,288,366,654,-2,-5,-18,-13,1,65,0.04,96,29,66,95,15,44,33,22,249,20,3.1,-3,-30,56,19,259,294,273,333,370,353,643,686
3843,516949,"Sanchez, Hector ",27,B,2,SD,137,14,30,4,0,8,25,5,41,0,0,219,245,423,668,-1,-3,-15,-10,4,70,0.12,118,100,99,62,0,35,22,43,238,35,3.4,-2.6,2,109,34,221,212,248,235,423,424,671,660
3031,467055,"Sandoval, Pablo ",30,B,5,SF,259,27,57,11,0,9,32,16,53,0,1,220,265,367,632,-2,-3,-14,-9,6,80,0.3,82,87,105,32,1,47,16,36,237,40,3.1,-17.3,7,216,63,241,150,292,175,412,217,704,391
4618,542454,"Santana, Daniel ",26,B,o87,ATL,168,19,34,10,2,4,23,8,41,7,0,202,243,357,600,-1,-2,-15,-10,4,76,0.2,94,121,103,107,136,54,15,31,255,50,2.9,-8.4,21,135,43,233,103,261,186,395,231,657,417
4625,570267,"Santana, Domingo ",24,R,9o,MIL,525,88,146,29,0,30,85,73,178,15,4,278,371,505,875,24,25,20,22,12,66,0.41,148,120,106,96,87,45,27,28,266,30,6.5,20.3,38,450,157,276,286,364,389,505,504,870,892
4944,594988,"Schebler, Scott ",26,L,o98,CIN,473,63,110,25,2,30,67,39,125,5,3,233,307,484,791,9,10,3,6,7,74,0.31,144,132,117,75,54,46,16,38,268,45,4.6,-9.3,49,393,138,215,276,313,290,481,493,794,782
5293,572114,"Schimpf, Ryan ",29,L,45,SD,165,24,26,2,0,14,25,27,70,0,0,158,284,424,709,-4,-3,-16,-11,14,58,0.39,176,144,62,100,0,20,16,64,208,35,3.5,-5.8,31,146,51,156,163,288,275,418,442,706,716
4800,656941,"Schwarber, Kyle ",24,L,o7,CHC,422,67,89,16,1,30,59,59,150,1,1,211,315,467,782,3,6,-2,1,12,64,0.39,161,125,95,72,37,38,15,46,234,30,4.6,-8.4,34,388,98,221,171,317,306,497,341,814,648
4794,608369,"Seager, Corey ",23,L,6,LA,539,85,159,33,0,22,77,67,131,4,2,295,375,479,854,19,20,15,17,11,76,0.51,111,136,135,77,54,42,25,33,271,40,6.4,28.5,39,423,190,281,325,369,389,457,527,826,916
5347,574847,"Segedin, Robert ",28,R,o,LA,20,3,4,2,0,0,1,0,7,0,0,200,200,300,500,-4,-6,0,0,0,65,0,97,-7,40,79,0,62,31,8,264,40,1.9,-2,-36,5,15,200,200,200,200,200,333,400,533
5021,600474,"Severino, Pedro ",23,R,2,WAS,29,0,5,1,0,0,3,2,10,0,0,172,226,207,433,-5,-7,-21,-16,6,66,0.2,33,66,56,90,0,47,16,37,131,20,1.4,-2.4,-69,24,7,136,286,208,286,182,286,390,571
4918,543768,"Shaw, Travis ",27,L,53,MIL,538,84,147,34,1,31,101,60,138,10,0,273,349,513,862,23,23,19,21,10,74,0.43,141,128,112,76,81,43,20,38,274,40,6.4,16,55,451,155,281,250,361,312,530,464,892,776
5550,642423,"Sierra, Magneuris ",21,L,o,STL,60,10,19,0,0,0,5,4,14,2,2,317,359,317,676,-1,-3,-17,-12,6,77,0.29,0,-3,20,169,114,53,28,19,234,25,3.9,-1.8,-27,51,13,277,462,333,462,277,462,610,923
5574,596103,"Slater, Austin ",24,R,o7,SF,117,15,33,3,1,3,16,8,29,0,0,282,339,402,740,-0,-2,-15,-10,6,75,0.28,66,48,73,141,0,61,14,25,230,25,4.7,-1.8,11,89,38,259,333,326,368,383,444,709,813
5388,642086,"Smith, Dominic ",22,L,3,NYM,167,17,33,6,0,9,26,14,49,0,0,198,262,395,658,-3,-4,-16,-11,8,71,0.29,116,112,106,50,0,50,16,34,229,45,3.3,-13.8,8,146,37,213,129,267,243,441,194,708,437
3618,519299,"Sogard, Eric ",31,L,46,MIL,249,37,68,15,1,3,18,45,37,3,3,273,393,378,770,2,1,-10,-6,15,85,1.22,63,62,91,96,54,39,29,33,279,70,5,3.2,52,253,47,274,262,401,340,370,405,771,745
3961,500208,"Solarte, Yangervis ",29,B,546,SD,466,49,119,21,0,18,64,37,61,3,0,255,314,416,731,9,9,-0,3,7,87,0.61,82,98,109,71,72,42,16,42,257,60,4.5,-5.4,51,370,142,272,211,330,275,464,289,794,564
2855,452655,"Span, Denard ",33,L,8o,SF,497,73,135,31,5,12,43,40,69,12,7,272,329,427,756,13,14,4,8,7,86,0.58,84,74,88,116,90,45,21,34,282,55,4.7,-10.4,63,425,117,284,226,339,293,465,283,804,576
4739,605486,"Spangenberg, Cory ",26,L,5o7,SD,444,57,117,18,2,13,46,34,128,11,3,264,322,401,723,11,11,1,5,7,71,0.27,85,76,84,116,105,49,23,28,244,30,4.4,-8.7,4,357,129,289,197,355,233,457,254,811,487
5294,607732,"Stallings, Jacob ",27,R,2,PIT,14,3,5,2,0,0,3,2,2,0,0,357,438,500,938,-3,-5,0,0,13,86,1,105,57,58,102,0,42,33,25,331,55,8.7,1.6,84,11,5,333,400,455,400,556,400,1010,800
3373,519317,"Stanton, Giancarlo ",27,R,9o,MIA,597,123,168,32,0,59,132,85,163,2,2,281,376,631,1007,32,33,36,35,12,73,0.52,197,131,114,59,31,45,16,39,296,45,8.2,56.8,93,536,156,270,323,354,449,596,764,950,1212
5519,595426,"Stassi, Brock ",27,L,3,PHI,78,6,13,2,1,2,7,12,22,0,0,167,278,295,573,-5,-5,-21,-16,13,72,0.55,73,72,88,124,0,39,20,41,214,50,2.5,-7.2,11,75,15,188,71,307,133,344,71,650,205
5656,664057,"Stevenson, Andrew ",23,L,o9,WAS,57,5,9,2,0,0,1,7,20,1,0,158,250,193,443,-6,-7,-22,-16,11,65,0.35,34,-6,54,109,117,62,24,14,213,40,1.5,-6.5,-56,50,16,205,0,286,133,250,0,536,133
2441,455755,"Stewart, Chris D",35,R,2,PIT,131,8,24,1,2,0,4,9,22,0,0,183,241,221,463,-8,-9,-23,-17,6,83,0.41,17,97,105,139,0,41,26,33,236,60,1.6,-10.1,3,108,36,212,94,271,147,242,156,513,303
5042,596115,"Story, Trevor ",24,R,6,COL,503,68,120,32,3,24,82,49,191,7,2,239,308,457,765,11,12,5,8,9,62,0.26,156,166,101,116,100,34,18,48,224,20,4.7,2.5,28,405,150,216,301,281,380,386,654,668,1034
3297,453211,"Stubbs, Drew ",32,R,o8,FAA,22,0,2,0,0,0,0,2,9,0,0,91,167,91,258,-5,-8,-22,-17,8,59,0.22,0,31,55,101,0,46,0,54,20,10,0.4,-3.4,-114,12,12,91,91,167,167,91,91,258,258
4583,553993,"Suarez, Eugenio ",25,R,5,CIN,534,87,139,25,2,26,82,84,147,4,5,260,367,461,828,14,16,11,13,13,72,0.57,118,116,99,82,41,39,24,37,257,40,5.6,4.3,37,479,153,256,276,359,392,447,504,806,896
4700,572180,"Susac, Andrew ",27,R,2,MIL,12,0,1,0,0,0,0,0,6,0,0,83,83,83,167,-4,-5,0,0,0,50,0,0,99,34,88,0,17,17,67,98,25,0.2,-1.6,-170,12,0,83,0,83,0,83,0,167,0
531,400085,"Suzuki, Ichiro ",43,L,o98,MIA,196,19,50,6,0,3,20,17,35,1,1,255,318,332,649,0,-0,-15,-10,8,82,0.49,44,25,62,90,48,57,19,24,240,45,3.5,-11,8,164,51,228,340,294,392,309,404,603,796
2568,435559,"Suzuki, Kurt ",33,R,2,ATL,276,38,78,13,0,19,50,17,39,0,0,283,351,536,887,9,8,-1,2,5,86,0.44,123,124,116,60,0,35,18,47,284,55,6.2,16.5,73,244,65,266,345,333,415,472,776,806,1191
5129,621020,"Swanson, Dansby ",23,R,6,ATL,488,59,113,23,2,6,51,59,120,3,3,232,312,324,636,-1,2,-8,-4,11,75,0.49,61,73,89,108,58,47,23,29,240,45,3.3,-17.6,6,443,108,224,263,302,352,308,389,610,741
4722,519333,"Szczur, Matthew ",27,R,o789,SD,195,28,44,12,2,3,18,34,44,0,2,226,350,354,704,-4,-4,-16,-11,14,77,0.77,80,72,63,132,4,39,19,43,232,50,3.8,-9.1,44,161,76,237,200,342,368,363,333,705,702
5194,607369,"Taijeron, Travis ",28,R,9o,NYM,52,3,9,2,0,1,3,5,24,0,0,173,271,269,540,-5,-7,-21,-16,8,54,0.21,85,108,86,78,0,50,21,29,170,25,2,-5.2,-73,33,26,167,182,242,308,200,364,442,671
5375,606132,"Tapia, Raimel ",23,L,o97,COL,160,27,46,12,2,2,16,8,36,5,2,288,329,425,754,3,1,-11,-6,5,77,0.22,89,69,68,136,122,42,28,29,272,35,4.8,-1.9,33,124,47,310,227,350,277,448,364,798,640
5636,643565,"Tauchman, Mike ",26,L,o,COL,27,2,6,0,1,0,2,5,10,1,2,222,344,296,640,-4,-6,-20,-15,16,63,0.5,37,18,60,151,96,65,12,24,182,25,2.7,-2.2,-39,25,7,182,400,280,571,273,400,553,971
4699,621035,"Taylor, Chris ",26,R,o8746,LA,514,85,148,34,5,21,72,50,142,17,4,288,354,496,850,23,24,17,20,9,72,0.35,129,103,95,138,133,42,23,36,264,25,6.3,18.1,54,417,151,285,297,355,351,500,486,855,837
4713,572191,"Taylor, Michael ",26,R,o8,WAS,399,55,108,23,3,19,53,29,137,17,7,271,320,486,806,17,16,7,10,7,66,0.21,143,109,90,132,128,43,20,37,245,25,5.3,2.6,32,336,96,260,308,313,344,481,505,794,849
4728,542513,"Telis, Tomas ",26,B,3,MIA,104,13,25,5,3,0,9,3,10,0,0,240,279,346,625,-4,-5,-19,-13,3,90,0.3,54,87,112,114,0,51,24,25,294,65,3,-3.1,46,85,26,272,130,306,192,383,217,689,410
3804,519346,"Thames, Eric ",30,L,3o7,MIL,469,83,116,26,4,31,63,75,163,4,2,247,359,518,877,11,13,7,10,14,65,0.46,174,162,110,98,70,38,20,41,256,40,6.1,12,59,439,111,266,182,383,270,553,394,936,664
4291,572204,"Thompson, Trayce ",26,R,o897,LA,49,6,6,2,1,1,2,6,23,0,0,122,218,265,483,-5,-6,-22,-16,11,53,0.26,115,147,91,123,0,46,19,35,186,35,1.7,-5.4,-34,27,28,167,80,259,179,375,160,634,339
5319,592808,"Toles, Andrew ",25,L,o78,LA,96,17,26,3,0,5,15,5,16,0,1,271,314,458,772,-0,-2,-15,-10,5,83,0.31,93,84,84,103,4,53,18,29,277,45,4.7,-1.5,51,97,5,264,400,309,400,451,600,760,1000
4816,630111,"Tomas, Yasmany ",26,R,o97,ARI,166,19,40,11,1,8,32,13,50,0,0,241,294,464,758,0,-1,-13,-8,7,70,0.26,141,159,118,72,0,47,21,32,261,35,4.6,-3.1,30,123,57,268,185,325,228,518,352,843,580
4995,605509,"Tomlinson, Kelby ",27,R,546,SF,194,32,50,4,2,1,11,23,46,9,1,258,332,314,646,2,1,-12,-7,10,76,0.5,33,26,61,176,185,50,25,24,239,40,3.8,-6.6,7,131,91,250,270,305,371,308,324,614,695
5498,620443,"Torrens, Luis ",21,R,2,SD,123,7,20,3,1,0,7,12,30,0,0,163,243,203,446,-8,-9,-23,-18,9,76,0.4,27,49,67,119,0,59,16,25,206,55,1.5,-10.4,-20,100,39,140,216,237,256,151,324,388,581
3349,457759,"Turner, Justin M",32,R,5,LA,457,72,147,32,0,21,71,59,56,7,1,322,415,530,945,24,22,16,19,11,88,1.05,108,154,138,69,64,31,21,48,282,55,8,32.9,82,371,172,295,380,386,477,451,704,837,1181
4848,642156,"Turner, Stuart ",25,R,2,CIN,82,4,11,3,0,2,7,5,22,0,0,134,182,244,426,-7,-8,-22,-17,6,73,0.23,68,76,72,68,0,44,16,39,195,45,1.3,-7.5,-18,57,32,140,125,214,125,260,219,474,344
4949,607208,"Turner, Trea ",24,R,68o4,WAS,412,75,117,24,6,11,45,30,80,46,8,284,338,451,789,31,28,18,22,7,81,0.38,94,85,87,183,249,52,15,34,268,40,5.6,12.7,68,344,103,296,245,346,311,491,319,836,630
781,400284,"Utley, Chase ",38,L,43,LA,309,43,73,20,4,8,34,32,57,6,1,236,324,405,728,2,2,-8,-4,9,82,0.56,95,134,120,113,108,43,19,38,264,55,4.2,-5.6,56,325,28,242,167,327,286,407,375,734,661
5379,642162,"Valaika, Pat ",24,R,65,COL,182,28,47,11,0,13,40,7,53,0,0,258,284,533,817,4,2,-8,-4,4,71,0.13,165,145,98,71,0,33,17,50,257,30,5.2,1.1,46,112,84,236,286,248,329,481,597,729,927
5714,591971,"Valera, Breyvic ",24,B,4,STL,10,0,1,0,0,0,0,1,0,0,0,100,182,100,282,0,0,0,0,9,100,0,0,49,40,127,0,40,0,60,38,35,0.5,-1.4,58,10,1,111,0,200,0,111,0,311,0
4096,475100,"Van Slyke, Scott ",30,R,o7,CIN,41,6,5,1,0,2,3,7,15,1,0,122,250,293,543,-5,-7,-21,-15,15,63,0.47,109,214,118,93,103,31,19,50,200,45,2.2,-4.2,0,14,34,83,138,214,265,333,276,548,541
5642,545121,"Vargas, Ildemaro ",25,B,4,ARI,13,4,4,1,0,0,4,0,3,0,0,308,308,385,692,-3,-5,0,0,0,77,0,63,49,31,116,0,50,20,30,243,20,4.4,-0.1,-4,9,4,222,500,222,500,222,750,444,1250
5161,657077,"Verdugo, Alex ",21,L,o,LA,23,1,4,0,0,1,1,2,4,0,1,174,240,304,544,-4,-7,-21,-15,8,83,0.5,58,40,70,102,20,58,32,11,299,60,1.8,-2.5,25,20,5,167,200,250,200,333,200,583,400
5228,570799,"Villanueva, Christian ",26,R,5,SD,32,5,11,1,0,4,7,0,10,0,0,344,344,750,1094,-1,-4,-17,-12,0,69,0,230,167,89,110,0,50,14,36,281,15,10,4.1,94,19,13,316,385,316,385,684,846,1000,1231
4358,542340,"Villar, Jonathan ",26,B,645,MIL,403,49,97,18,1,11,40,30,132,23,8,241,293,372,665,12,11,0,4,7,67,0.23,89,83,90,104,111,57,21,22,240,30,3.6,-12.2,-12,308,128,252,214,301,273,388,333,689,607
5479,572227,"Vincej, Zach ",26,R,6,CIN,9,2,1,0,0,0,0,1,5,0,0,111,333,111,444,0,0,0,0,8,44,0.2,0,-26,0,104,0,50,0,50,73,15,0.6,-1.2,-171,10,2,143,0,400,0,143,0,543,0
4067,519390,"Vogt, Stephen ",32,L,20,MIL,279,25,65,15,1,12,40,21,56,0,1,233,285,423,708,1,-0,-11,-7,7,80,0.38,105,122,106,82,1,38,19,44,255,45,4,-1,44,270,33,237,200,290,242,442,267,732,509
5634,572228,"Voit, Luke ",26,R,3,STL,114,18,28,9,0,4,18,7,31,0,0,246,306,430,736,-1,-1,-15,-11,6,73,0.23,122,142,121,76,0,48,18,34,255,35,4.2,-3.9,25,92,32,241,258,315,281,398,516,713,797
2492,458015,"Votto, Joey ",33,L,3,CIN,559,106,179,34,1,36,100,134,83,5,1,320,454,578,1032,32,32,30,31,19,85,1.61,130,141,125,84,72,39,23,38,308,65,9.8,58.4,110,510,197,331,292,461,437,588,552,1048,988
4775,572233,"Walker, Christian ",26,R,30,ARI,12,2,3,1,0,2,2,1,5,0,0,250,400,833,1233,-3,-6,0,0,7,58,0.2,406,330,135,82,0,29,14,57,339,35,8.7,1,198,5,10,0,333,400,400,0,1111,400,1511
3171,435522,"Walker, Neil ",31,B,43,MIL,385,59,102,21,2,14,49,55,77,0,2,265,362,439,801,7,8,-2,2,12,80,0.71,97,114,106,95,2,36,22,42,260,50,5.3,7.8,53,351,97,279,214,376,313,478,298,854,610
5694,595453,"Wallach, Chad ",25,R,2,CIN,11,0,1,0,0,0,0,0,5,0,0,91,91,91,182,-5,-7,0,0,0,55,0,0,99,37,92,0,33,17,50,101,25,0.2,-1.4,-151,9,2,111,0,111,0,111,0,222,0
874,430001,"Weeks, Rickie ",34,R,o703,FAA,97,13,21,6,0,2,8,12,49,1,0,216,321,340,662,-4,-5,-19,-13,11,49,0.24,125,123,72,115,120,40,19,40,171,10,3.4,-6.6,-43,49,63,261,176,306,333,413,275,719,608
648,150029,"Werth, Jayson ",38,R,o79,WAS,252,35,57,10,1,10,29,35,69,4,3,226,322,393,715,1,2,-11,-6,12,73,0.51,98,122,96,101,68,40,18,42,229,40,4,-10.8,25,234,55,223,239,312,364,379,457,691,820
3120,446308,"Wieters, Matt ",31,B,2,WAS,422,43,95,20,0,10,52,38,94,1,0,225,288,344,632,-1,0,-10,-6,8,78,0.4,72,100,86,66,66,42,21,36,239,50,3.3,-10.4,7,379,86,221,244,285,302,334,385,619,687
4799,608384,"Williams, Nick ",23,L,o987,PHI,313,45,90,14,4,12,55,20,97,1,2,288,338,473,811,9,8,-1,3,6,69,0.21,114,87,94,139,52,50,23,27,255,20,5.5,1.8,23,250,93,293,274,340,333,498,405,838,738
5046,607776,"Williamson, Mac ",26,R,o9,SF,68,8,16,2,0,3,6,5,25,1,1,235,288,397,685,-3,-5,-18,-13,7,63,0.2,106,73,83,102,64,60,12,28,209,20,3.6,-3.3,-15,56,17,196,353,268,353,353,529,621,882
4817,608385,"Winker, Jesse ",23,L,o9,CIN,121,21,36,7,0,7,15,15,24,1,1,298,375,529,904,2,0,-12,-7,11,80,0.63,125,100,116,95,53,53,16,31,283,50,7,6.2,73,111,26,344,120,427,154,615,200,1042,354
5244,547172,"Wolters, Tony ",25,L,2,COL,229,30,55,8,1,0,16,33,55,0,1,240,341,284,625,-4,-4,-16,-12,12,76,0.6,33,42,65,96,1,55,22,24,226,45,3.1,-6.2,-13,208,58,253,196,357,281,303,216,661,496
4217,543939,"Wong, Kolten ",26,L,4,STL,354,55,101,27,3,4,42,41,60,8,2,285,376,412,788,9,9,-1,3,10,83,0.68,79,72,95,111,100,48,20,32,270,50,5.3,3.1,51,325,86,288,274,380,360,431,342,810,703
4335,592885,"Yelich, Christian ",25,L,8o7,MIA,602,100,170,36,2,18,81,80,137,16,2,282,369,439,807,23,24,19,21,12,77,0.58,94,77,110,109,107,55,19,25,272,40,5.8,10.9,42,521,173,288,266,382,329,455,392,837,722
5629,657145,"Zagunis, Mark ",24,R,9o,CHC,14,0,0,0,0,0,1,4,6,2,0,0,222,0,222,-4,-7,0,0,22,57,0.67,0,5,29,92,138,63,13,25,0,35,0.4,-2.5,-96,11,7,0,0,273,143,0,0,273,143
1130,475582,"Zimmerman, Ryan W",32,R,3,WAS,524,90,159,33,0,36,108,44,126,1,0,303,358,573,930,27,26,24,25,8,76,0.35,152,138,124,88,88,46,20,34,289,35,7.5,22.8,69,433,143,295,331,349,385,547,654,895,1038
2380,450314,"Zobrist, Ben ",36,B,4o79,CHC,435,58,101,20,3,12,50,54,71,2,2,232,318,375,693,1,3,-6,-3,11,84,0.76,76,84,109,108,58,51,16,33,257,60,3.9,-16.9,52,375,121,249,179,336,261,401,292,737,553
